name,phone,email,address,postalZip,country,numberrange,text
Guinevere Richardson,(704) 598-5511,pede.nec@outlook.edu,5127 Mattis Ave,49351,Pakistan,7,"venenatis a, magna. Lorem ipsum dolor sit amet, consectetuer adipiscing"
Karleigh Wheeler,(771) 937-9111,cursus.luctus@aol.edu,Ap #446-9581 Metus Street,4664-4706,United States,5,at risus. Nunc ac sem ut dolor dapibus gravida. Aliquam
Zia Best,1-952-874-2548,mauris.a.nunc@protonmail.edu,Ap #610-6461 Lacus. Rd.,76348-33221,Peru,2,vel arcu eu odio tristique pharetra. Quisque ac libero nec
Merritt Tran,(533) 569-5893,etiam@outlook.edu,"895-1567 Elit, Ave",4716,South Korea,3,"aliquet libero. Integer in magna. Phasellus dolor elit, pellentesque a,"
Jonah Nunez,1-944-495-7106,a@icloud.ca,Ap #749-1253 Malesuada Rd.,64284,United Kingdom,4,"ut odio vel est tempor bibendum. Donec felis orci, adipiscing"
Mason Barnett,(378) 249-4613,penatibus.et.magnis@google.org,914-2520 Sed Street,276901,,2,urna. Nunc quis arcu vel quam dignissim pharetra. Nam ac
Melodie Welch,1-935-258-3733,accumsan.convallis@outlook.net,632-5495 Lobortis. Road,33591581,,9,Sed molestie. Sed id risus quis diam luctus lobortis. Class
Shafira Davis,1-314-796-1885,phasellus.dapibus@google.net,419-9801 Massa. Avenue,3885,,6,"lorem fringilla ornare placerat, orci lacus vestibulum lorem, sit amet"
Beau Whitehead,1-338-291-3293,,172-3251 Pulvinar St.,386693,,5,"rutrum eu, ultrices sit amet, risus. Donec nibh enim, gravida"
Lara Hendrix,(865) 776-9027,,"P.O. Box 493, 6180 Convallis, St.",75184,Indonesia,3,"vel, vulputate eu, odio. Phasellus at augue id ante dictum"
Amery Glass,(321) 548-2382,,"P.O. Box 156, 8736 Lectus Av.",41708,Sweden,10,faucibus. Morbi vehicula. Pellentesque tincidunt tempus risus. Donec egestas. Duis
Yen Bright,,,Ap #823-4789 Auctor St.,3174,Italy,8,"et, eros. Proin ultrices. Duis volutpat nunc sit amet metus."
Rowan Drake,,,Ap #907-3977 Erat St.,2367,South Africa,3,"est tempor bibendum. Donec felis orci, adipiscing non, luctus sit"
Brenden Barnett,,,"Ap #141-9662 Iaculis, Rd.",17467,United Kingdom,7,feugiat metus sit amet ante. Vivamus non lorem vitae odio
Seth Mayo,,,149-1197 Enim. St.,Dec-35,Netherlands,9,"convallis, ante lectus convallis est, vitae sodales nisi magna sed"
Noelle Pratt,1-602-225-5281,,"118-3098 Ac, St.",803857,Turkey,0,"non magna. Nam ligula elit, pretium et, rutrum non, hendrerit"
Lucian Knowles,1-667-632-7296,,397-6837 Vitae Rd.,34065,Brazil,10,"ipsum leo elementum sem, vitae aliquam eros turpis non enim."
Brett Gonzalez,(549) 552-1898,,Ap #651-5626 Duis Rd.,82393,Costa Rica,6,faucibus orci luctus et ultrices posuere cubilia Curae Phasellus ornare.
Kennedy Barron,(799) 867-7055,mauris.nulla.integer@icloud.edu,172-5221 Tempor Av.,583,Russian Federation,8,mauris. Morbi non sapien molestie orci tincidunt adipiscing. Mauris molestie
Cynthia Vang,(456) 533-8864,ac.urna@aol.edu,7992 Est Avenue,53541,New Zealand,5,"dis parturient montes, nascetur ridiculus mus. Donec dignissim magna a"
Shaine Sloan,1-430-304-3861,arcu.et.pede@icloud.com,Ap #587-5815 Nec St.,KO6 5RR,Italy,4,"pede, malesuada vel, venenatis vel, faucibus id, libero. Donec consectetuer"
Abbot Noel,,neque.venenatis@hotmail.org,"P.O. Box 297, 8987 Molestie Street",8342 FG,South Korea,7,"elit, pellentesque a, facilisis non, bibendum sed, est. Nunc laoreet"
Tana Snow,,porttitor.tellus@google.ca,186-3385 Pede. St.,331485,Spain,1,"Sed pharetra, felis eget varius ultrices, mauris ipsum porta elit,"
Iliana Shaffer,,aenean@outlook.net,Ap #639-6856 Natoque St.,61562,Chile,2,neque pellentesque massa lobortis ultrices. Vivamus rhoncus. Donec est. Nunc
Wesley Pitts,(883) 602-5775,per.conubia.nostra@aol.couk,2977 Tellus. Rd.,78-13,Philippines,3,ipsum non arcu. Vivamus sit amet risus. Donec egestas. Aliquam
Xantha Huffman,1-647-753-5250,malesuada.malesuada.integer@outlook.net,Ap #415-7221 Nam St.,57571,Russian Federation,8,"Donec tempor, est ac mattis semper, dui lectus rutrum urna,"
Cassandra May,(972) 334-3447,mauris.vel@protonmail.net,659-6496 Sit Road,674854,Peru,9,cursus vestibulum. Mauris magna. Duis dignissim tempor arcu. Vestibulum ut
Larissa Trujillo,(741) 175-1665,ante@google.edu,Ap #611-4668 Nisi. St.,22889-37327,Sweden,8,"sem elit, pharetra ut, pharetra sed, hendrerit a, arcu. Sed"
May Walter,1-326-883-1767,sit.amet.luctus@google.ca,"P.O. Box 484, 283 Venenatis Ave",776027,Belgium,8,Vestibulum accumsan neque et nunc. Quisque ornare tortor at risus.
Venus Marsh,(236) 217-3271,vivamus@icloud.org,"P.O. Box 412, 2153 Et Av.",5977,United Kingdom,1,Donec dignissim magna a tortor. Nunc commodo auctor velit. Aliquam
Lilah Parks,1-752-277-8202,dolor.sit.amet@hotmail.edu,398-5360 Nascetur Road,67034,Germany,6,"sed sem egestas blandit. Nam nulla magna, malesuada vel, convallis"
Idola Parsons,1-872-882-1321,erat.neque.non@google.org,303-2174 At Street,18179,Canada,6,"dictum placerat, augue. Sed molestie. Sed id risus quis diam"
Stephen Farmer,(980) 331-6405,facilisis@protonmail.ca,476-4586 Condimentum. Rd.,36141,Poland,6,"lacus vestibulum lorem, sit amet ultricies sem magna nec quam."
Ignatius Mendoza,(442) 237-7243,vivamus.rhoncus@hotmail.edu,792-3385 Est Rd.,770693,Italy,5,"nulla ante, iaculis nec, eleifend non, dapibus rutrum, justo. Praesent"
Cooper Buckner,1-268-572-1284,neque.sed.sem@hotmail.com,Ap #989-8390 Dignissim. St.,262009,Vietnam,6,"eget mollis lectus pede et risus. Quisque libero lacus, varius"
Malachi Norton,(636) 350-5511,non.egestas.a@yahoo.ca,300-4267 Metus. Avenue,224461,France,8,"Aliquam tincidunt, nunc ac mattis ornare, lectus ante dictum mi,"
Alma Townsend,1-636-807-5163,risus.nunc.ac@aol.com,Ap #720-4518 Ipsum Av.,3647,Brazil,7,egestas. Duis ac arcu. Nunc mauris. Morbi non sapien molestie
Xanthus Norman,(533) 897-1662,parturient.montes@google.net,704-817 Volutpat Road,I16 1HE,New Zealand,7,ac arcu. Nunc mauris. Morbi non sapien molestie orci tincidunt
Jerome Zimmerman,(817) 257-8239,vitae@hotmail.org,9509 Donec Rd.,40718,Germany,9,"nonummy ultricies ornare, elit elit fermentum risus, at fringilla purus"
Wayne Pitts,(657) 147-9528,quis.turpis@yahoo.com,130-3487 Vestibulum St.,814837,Australia,9,"vel, mauris. Integer sem elit, pharetra ut, pharetra sed, hendrerit"
Minerva Silva,1-172-126-4651,erat.semper@aol.org,Ap #500-8972 Adipiscing Rd.,28454-175,Italy,4,consequat dolor vitae dolor. Donec fringilla. Donec feugiat metus sit
Geraldine Blackburn,,at.auctor.ullamcorper@aol.org,"Ap #659-5550 Montes, St.",3324 HL,Belgium,9,blandit congue. In scelerisque scelerisque dui. Suspendisse ac metus vitae
Harlan Levine,,ad.litora@protonmail.com,331-8036 Sed Road,34594,China,5,"mi. Duis risus odio, auctor vitae, aliquet nec, imperdiet nec,"
August Thompson,,eu@yahoo.net,160-7165 Luctus Ave,W5L 9E2,Costa Rica,4,"libero mauris, aliquam eu, accumsan sed, facilisis vitae, orci. Phasellus"
Aquila Oneil,,ante.lectus@aol.edu,Ap #151-6142 Fringilla Av.,9641,Ukraine,10,"justo faucibus lectus, a sollicitudin orci sem eget massa. Suspendisse"
Selma Watkins,(669) 583-6225,mi.lacinia@protonmail.couk,"890-6869 Erat, Av.",77338,Nigeria,4,"at, libero. Morbi accumsan laoreet ipsum. Curabitur consequat, lectus sit"
Oren Douglas,(630) 272-8467,mauris@outlook.org,Ap #207-634 Nascetur Ave,27263,Singapore,1,"dolor sit amet, consectetuer adipiscing elit. Etiam laoreet, libero et"
Holly Hooper,1-417-148-1671,dictum.proin.eget@google.ca,Ap #239-4025 Faucibus Street,R3H 6X7,Mexico,7,"dui, nec tempus mauris erat eget ipsum. Suspendisse sagittis. Nullam"
Diana Pearson,1-395-341-3121,enim.mi@icloud.com,"925-189 At, Rd.",18,Canada,6,"ornare, elit elit fermentum risus, at fringilla purus mauris a"
Myles Henry,(210) 247-4405,risus@hotmail.com,Ap #658-7801 Nulla Street,9481,Mexico,7,"vitae semper egestas, urna justo faucibus lectus, a sollicitudin orci"
George Chen,1-377-633-5482,orci.consectetuer@aol.ca,258-8289 Magna. Av.,67-36,Sweden,6,Proin vel arcu eu odio tristique pharetra. Quisque ac libero
Mannix Pitts,(246) 804-7674,sagittis.augue@protonmail.com,9895 Semper. Av.,125270,Colombia,1,"diam at pretium aliquet, metus urna convallis erat, eget tincidunt"
Brittany Rodriquez,,vitae.semper@aol.com,"Ap #129-3741 Et, Road",32232,Germany,8,pretium neque. Morbi quis urna. Nunc quis arcu vel quam
Leonard Guy,,urna.convallis@yahoo.net,"P.O. Box 103, 8707 Mauris Rd.",96823,China,7,"ligula tortor, dictum eu, placerat eget, venenatis a, magna. Lorem"
Louis Greer,,lorem.auctor.quis@hotmail.ca,Ap #918-1334 Nec St.,8349,New Zealand,9,varius. Nam porttitor scelerisque neque. Nullam nisl. Maecenas malesuada fringilla
Darryl Albert,,donec.tempus@outlook.org,"P.O. Box 451, 7102 Nec, Av.",4446-5482,Netherlands,2,"semper, dui lectus rutrum urna, nec luctus felis purus ac"
Hope Alston,,non.magna.nam@aol.couk,"299-5960 Nec, Road",420787,Canada,8,"Duis mi enim, condimentum eget, volutpat ornare, facilisis eget, ipsum."
Murphy Becker,,quis@outlook.couk,"P.O. Box 669, 7444 Semper Ave",58790-758,Pakistan,6,"hendrerit. Donec porttitor tellus non magna. Nam ligula elit, pretium"
Ralph Bullock,(534) 544-7894,,Ap #387-3101 Dui Rd.,87617,Mexico,7,"nibh enim, gravida sit amet, dapibus id, blandit at, nisi."
Cooper Wilkins,1-915-881-3356,,"Ap #877-2382 Lorem, St.",227774,Austria,7,"massa non ante bibendum ullamcorper. Duis cursus, diam at pretium"
Zahir Walsh,(862) 333-8646,,2255 Torquent Avenue,247387,Brazil,2,"dictum ultricies ligula. Nullam enim. Sed nulla ante, iaculis nec,"
Cheyenne Saunders,(738) 419-9277,,422 Rhoncus. Av.,6619,Norway,8,"sed dictum eleifend, nunc risus varius orci, in consequat enim"
Brennan Barry,1-586-329-3548,fusce.mi.lorem@yahoo.edu,Ap #711-5288 Lobortis St.,E42 1YF,Turkey,5,"gravida sit amet, dapibus id, blandit at, nisi. Cum sociis"
Miranda Vazquez,1-778-398-2849,donec.consectetuer@icloud.ca,Ap #184-6388 Hendrerit Av.,252835,Philippines,8,"sodales purus, in molestie tortor nibh sit amet orci. Ut"
Kevyn Snow,1-804-577-0948,rhoncus.proin@google.net,Ap #354-8873 Diam Rd.,78180,Ireland,5,amet risus. Donec egestas. Aliquam nec enim. Nunc ut erat.
Shana Jarvis,(936) 375-9680,tellus@outlook.couk,553-5983 Mi St.,43623,Vietnam,4,lacus. Ut nec urna et arcu imperdiet ullamcorper. Duis at
Jessica Mendoza,(841) 643-7697,orci@protonmail.ca,"P.O. Box 813, 3661 Aliquam Avenue",5759 AO,Sweden,9,"Nunc ut erat. Sed nunc est, mollis non, cursus non,"
Jescie Peters,1-336-962-6170,non.ante.bibendum@yahoo.net,976-1634 Urna. Ave,4374,Peru,4,in faucibus orci luctus et ultrices posuere cubilia Curae Donec
Eric Hernandez,1-651-544-3954,id.ante@yahoo.net,372-5189 Etiam Road,CB84 9JC,Nigeria,8,"et, eros. Proin ultrices. Duis volutpat nunc sit amet metus."
Chloe Baxter,1-243-885-4167,nec.metus@icloud.net,"P.O. Box 188, 2284 Massa. Road",7165-4026,Ukraine,6,"mattis ornare, lectus ante dictum mi, ac mattis velit justo"
Paul Mooney,1-422-421-4548,feugiat@hotmail.com,Ap #849-5379 Sagittis. Av.,395333,,10,"ullamcorper, velit in aliquet lobortis, nisi nibh lacinia orci, consectetuer"
Ian Mccullough,1-736-831-3724,vivamus.sit@protonmail.net,Ap #863-7762 Justo. Street,33254,,8,"lectus, a sollicitudin orci sem eget massa. Suspendisse eleifend. Cras"
Cameran Ford,1-225-239-5412,sed.tortor.integer@yahoo.net,369-5255 Facilisis. St.,83699,,5,"id sapien. Cras dolor dolor, tempus non, lacinia at, iaculis"
Fulton Lester,(336) 711-1678,vitae.semper.egestas@yahoo.net,226 Arcu. Rd.,4612,,9,dictum. Phasellus in felis. Nulla tempor augue ac ipsum. Phasellus
Barrett Michael,(863) 623-6472,magna.a.tortor@protonmail.edu,"5337 Non, Road",31306,Sweden,1,"quis massa. Mauris vestibulum, neque sed dictum eleifend, nunc risus"
Malcolm Lee,(583) 426-9312,mollis.non@hotmail.net,"P.O. Box 896, 5606 Risus Street",02225-52851,China,3,turpis non enim. Mauris quis turpis vitae purus gravida sagittis.
Florence Huber,(571) 247-2111,interdum.curabitur@hotmail.org,Ap #599-4214 Ultricies Ave,117787,South Korea,9,"libero est, congue a, aliquet vel, vulputate eu, odio. Phasellus"
Amena Morris,(896) 130-9615,sapien.cras@hotmail.com,"Ap #644-1101 Enim, Street",1071-5634,Peru,3,purus gravida sagittis. Duis gravida. Praesent eu nulla at sem
Neil Cortez,1-428-266-5915,elit@aol.org,,50209,Netherlands,6,"adipiscing fringilla, porttitor vulputate, posuere vulputate, lacus. Cras interdum. Nunc"
Stone Livingston,(864) 253-3221,a.felis@protonmail.net,,75162,India,6,aliquam adipiscing lacus. Ut nec urna et arcu imperdiet ullamcorper.
Ali Dean,1-778-753-7955,pharetra@protonmail.net,,64147,Singapore,1,Proin eget odio. Aliquam vulputate ullamcorper magna. Sed eu eros.
Fuller Beard,1-965-953-2116,in@icloud.edu,,159221,Germany,6,"ipsum dolor sit amet, consectetuer adipiscing elit. Aliquam auctor, velit"
Brody Potts,(343) 863-9121,tempor@google.org,,346917,Italy,1,"blandit viverra. Donec tempus, lorem fringilla ornare placerat, orci lacus"
Illiana Mitchell,(318) 255-4569,curabitur.consequat@google.ca,Ap #105-4980 Fusce Street,11816,United Kingdom,7,nunc sed pede. Cum sociis natoque penatibus et magnis dis
Honorato Stark,(106) 345-5914,eget.massa@yahoo.couk,Ap #145-4515 Hendrerit Rd.,4843,Philippines,1,"fringilla, porttitor vulputate, posuere vulputate, lacus. Cras interdum. Nunc sollicitudin"
Nelle Acevedo,1-546-767-3004,suspendisse.non.leo@protonmail.couk,8206 Nec St.,283174,South Africa,6,"Maecenas mi felis, adipiscing fringilla, porttitor vulputate, posuere vulputate, lacus."
Darius Cruz,(747) 227-2756,fringilla.donec@protonmail.couk,Ap #537-1678 Mauris Road,18473,Turkey,2,"consequat purus. Maecenas libero est, congue a, aliquet vel, vulputate"
Darrel Harper,1-514-625-5761,consequat.lectus@yahoo.org,3525 Phasellus Avenue,R3K 3G1,Australia,5,suscipit nonummy. Fusce fermentum fermentum arcu. Vestibulum ante ipsum primis
Matthew Mckinney,1-271-421-1051,,Ap #590-4651 Quam. Road,1325,India,6,"diam at pretium aliquet, metus urna convallis erat, eget tincidunt"
Elmo Hamilton,1-888-663-6206,,Ap #391-5416 Ante. St.,51608,Norway,1,sapien molestie orci tincidunt adipiscing. Mauris molestie pharetra nibh. Aliquam
Candace Dudley,1-547-835-7802,,Ap #613-6729 Amet Ave,S15 6TN,Spain,5,"nibh. Donec est mauris, rhoncus id, mollis nec, cursus a,"
Ira Cooper,1-645-440-8144,,Ap #727-7547 Neque St.,28863,Poland,2,semper cursus. Integer mollis. Integer tincidunt aliquam arcu. Aliquam ultrices
Yolanda Justice,1-212-841-4464,,"P.O. Box 701, 5768 Enim St.",352767,New Zealand,1,"malesuada vel, venenatis vel, faucibus id, libero. Donec consectetuer mauris"
Alexa Stout,1-886-657-8728,,Ap #407-3291 Habitant St.,378431,Colombia,1,"urna, nec luctus felis purus ac tellus. Suspendisse sed dolor."
Velma Ross,(876) 454-8236,,965-8890 In Street,666725,Costa Rica,3,"vitae nibh. Donec est mauris, rhoncus id, mollis nec, cursus"
Warren William,(717) 766-8607,,"450-5596 Ante, Rd.",218103,United States,5,"mollis lectus pede et risus. Quisque libero lacus, varius et,"
Harper Mcknight,1-663-815-8253,non.sapien@google.couk,704-6618 Malesuada Rd.,577318,Spain,9,"lectus ante dictum mi, ac mattis velit justo nec ante."
Ebony Day,1-288-862-5745,vel.faucibus.id@icloud.couk,6769 Proin Avenue,653110,New Zealand,2,vel arcu eu odio tristique pharetra. Quisque ac libero nec
Ignatius Mccarthy,(767) 253-1664,erat.neque.non@hotmail.com,"P.O. Box 602, 6494 Purus. Rd.",6618-3332,India,6,per inceptos hymenaeos. Mauris ut quam vel sapien imperdiet ornare.
Amery Ramsey,1-238-748-9547,metus.eu@google.couk,421-7866 Urna Rd.,7432,France,3,"risus. Donec nibh enim, gravida sit amet, dapibus id, blandit"